{
	"entity.villager.ambient": {
		"replace": true,
		"sounds": [
			"pomu/pomu1",
			"pomu/pomu2"
		]
	},
	"entity.villager.death": {
		"replace": true,
		"sounds": [
			"pomu/pomu1",
			"pomu/pomu2"
		]
	},
	"entity.villager.celebrate": {
		"replace": true,
		"sounds": [
			"pomu/pomu1",
			"pomu/pomu2"
		]
	},
	"entity.villager.hurt": {
		"replace": true,
		"sounds": [
			"pomu/pomu1",
			"pomu/pomu2"
		]
	},
	"entity.villager.no": {
		"replace": true,
		"sounds": [
			"pomu/pomu1",
			"pomu/pomu2"
		]
	},
	"entity.villager.trade": {
		"replace": true,
		"sounds": [
			"pomu/pomu1",
			"pomu/pomu2"
		]
	},
	"entity.villager.yes": {
		"replace": true,
		"sounds": [
			"pomu/pomu1",
			"pomu/pomu2"
		]
	}
}